{
    "name": "root",
    "metadata": {
        "timer_format_version": "0.1.0",
        "start_time_seconds": "1710158456",
        "python_version": "3.9.13 (tags/v3.9.13:6de2ca5, May 17 2022, 16:36:42) [MSC v.1929 64 bit (AMD64)]",
        "command_line_arguments": "C:\\Users\\boroa\\Gravity-shooter\\Client\\venv\\Scripts\\mlagents-learn --force",
        "mlagents_version": "0.30.0",
        "mlagents_envs_version": "0.30.0",
        "communication_protocol_version": "1.5.0",
        "pytorch_version": "2.2.1+cpu",
        "numpy_version": "1.21.2",
        "end_time_seconds": "1710158630"
    },
    "total": 173.2683231,
    "count": 1,
    "self": 0.013586099999997714,
    "children": {
        "run_training.setup": {
            "total": 0.10530630000000052,
            "count": 1,
            "self": 0.10530630000000052
        },
        "TrainerController.start_learning": {
            "total": 173.1494307,
            "count": 1,
            "self": 0.1511735000005956,
            "children": {
                "TrainerController._reset_env": {
                    "total": 34.9275597,
                    "count": 1,
                    "self": 34.9275597
                },
                "TrainerController.advance": {
                    "total": 137.79260429999945,
                    "count": 3221,
                    "self": 0.14883629999977188,
                    "children": {
                        "env_step": {
                            "total": 136.9569964999996,
                            "count": 3221,
                            "self": 130.5947267000001,
                            "children": {
                                "SubprocessEnvManager._take_step": {
                                    "total": 6.267370699999823,
                                    "count": 3221,
                                    "self": 0.4601895999984791,
                                    "children": {
                                        "TorchPolicy.evaluate": {
                                            "total": 5.807181100001344,
                                            "count": 3221,
                                            "self": 5.807181100001344
                                        }
                                    }
                                },
                                "workers": {
                                    "total": 0.09489909999967949,
                                    "count": 3220,
                                    "self": 0.0,
                                    "children": {
                                        "worker_root": {
                                            "total": 130.93231970000016,
                                            "count": 3220,
                                            "is_parallel": true,
                                            "self": 16.530703500000143,
                                            "children": {
                                                "steps_from_proto": {
                                                    "total": 0.00055629999999951,
                                                    "count": 1,
                                                    "is_parallel": true,
                                                    "self": 0.00026009999999843103,
                                                    "children": {
                                                        "_process_rank_one_or_two_observation": {
                                                            "total": 0.00029620000000107893,
                                                            "count": 2,
                                                            "is_parallel": true,
                                                            "self": 0.00029620000000107893
                                                        }
                                                    }
                                                },
                                                "UnityEnvironment.step": {
                                                    "total": 114.40105990000002,
                                                    "count": 3220,
                                                    "is_parallel": true,
                                                    "self": 0.5782048000004352,
                                                    "children": {
                                                        "UnityEnvironment._generate_step_input": {
                                                            "total": 0.4868769999992679,
                                                            "count": 3220,
                                                            "is_parallel": true,
                                                            "self": 0.4868769999992679
                                                        },
                                                        "communicator.exchange": {
                                                            "total": 111.8726669000005,
                                                            "count": 3220,
                                                            "is_parallel": true,
                                                            "self": 111.8726669000005
                                                        },
                                                        "steps_from_proto": {
                                                            "total": 1.463311199999822,
                                                            "count": 3220,
                                                            "is_parallel": true,
                                                            "self": 0.7939287999997262,
                                                            "children": {
                                                                "_process_rank_one_or_two_observation": {
                                                                    "total": 0.6693824000000959,
                                                                    "count": 6440,
                                                                    "is_parallel": true,
                                                                    "self": 0.6693824000000959
                                                                }
                                                            }
                                                        }
                                                    }
                                                }
                                            }
                                        }
                                    }
                                }
                            }
                        },
                        "trainer_advance": {
                            "total": 0.68677150000007,
                            "count": 3220,
                            "self": 0.16535330000021276,
                            "children": {
                                "process_trajectory": {
                                    "total": 0.5214181999998573,
                                    "count": 3220,
                                    "self": 0.5214181999998573
                                }
                            }
                        }
                    }
                },
                "trainer_threads": {
                    "total": 3.599999985226532e-06,
                    "count": 1,
                    "self": 3.599999985226532e-06
                },
                "TrainerController._save_models": {
                    "total": 0.27808959999998706,
                    "count": 1,
                    "self": 0.016893999999979314,